,strassen,mult,numpy
0,[   4    8   16   32   64  128  256  512 1024],[   4    8   16   32   64  128  256  512 1024],[   4    8   16   32   64  128  256  512 1024]
1,"[1.37546000e-04 6.55341000e-04 3.15836800e-03 2.72720155e-02
 1.73862250e-01 1.22229839e+00 9.34087841e+00 7.76389014e+01
 4.36458083e+02]","[4.18094001e-05 3.12092000e-04 1.75129950e-03 1.54354765e-02
 1.12081311e-01 8.16328643e-01 6.62396349e+00 5.55394243e+01
 5.06821904e+02]","[1.00362999e-05 2.20152310e-05 7.15240021e-06 4.14931246e-05
 2.81166000e-04 1.73080960e-03 1.99761604e-02 1.75177451e-01
 2.17545600e+00]"
